customer_uid,cohort_month,cohort_quarter,tenure_days,tenure_months,lifecycle_stage,churn_risk_score,churn_risk_tier,total_orders,repeat_orders,is_repeat_customer,first_order_date,last_order_date,days_since_last_order,avg_order_frequency_days,predicted_ltv_12mo,nps_score,health_score
CUST-a841d6ae-3c0,2020-12,Q4 2020,1882,62,Churned,1.0,High,2,1,True,2021-02-02,2025-11-01,92,941.0,1237812.41,4.0,0.7
CUST-0610f1aa-6e8,2022-05,Q2 2022,1342,44,Champion,0.068,Low,14,13,True,2022-07-25,2025-12-14,49,95.9,1521563.34,0.0,89.4
CUST-ef92d2b6-1b3,2022-11,Q4 2022,1163,38,Dormant,0.764,High,14,13,True,2022-12-03,2025-06-16,230,83.1,1743308.57,2.0,26.7
CUST-534246d3-b1f,2020-11,Q4 2020,1907,63,Activated,0.116,Low,7,6,True,2020-11-24,2025-06-13,233,272.4,913405.74,8.0,86.7
CUST-692f940d-f4a,2024-01,Q1 2024,742,24,Dormant,0.604,High,27,26,True,2024-02-25,2025-07-02,214,27.5,802409.15,8.0,39.7
CUST-ef53c09d-517,2020-09,Q3 2020,1977,65,Champion,0.064,Low,27,26,True,2020-11-13,2025-11-28,65,73.2,819510.99,0.0,95.0
CUST-17773487-94a,2023-11,Q4 2023,794,26,Dormant,0.638,High,25,24,True,2024-02-27,2025-05-31,246,31.8,1301705.48,1.0,38.3
CUST-98bf01c5-9b8,2022-09,Q3 2022,1249,41,Dormant,0.785,High,27,26,True,2022-09-05,2025-09-01,153,46.3,900667.77,7.0,18.3
CUST-40617c13-895,2023-06,Q2 2023,962,32,At-Risk,0.413,Medium,20,19,True,2023-07-08,2025-10-12,112,48.1,650680.47,1.0,61.3
CUST-b1252551-933,2023-09,Q3 2023,881,29,Dormant,0.624,High,23,22,True,2023-09-14,2025-05-03,274,38.3,633230.75,2.0,35.9
CUST-cfbc6445-48f,2020-06,Q2 2020,2048,68,Dormant,0.746,High,16,15,True,2020-08-30,2025-05-08,269,128.0,940442.03,3.0,28.1
CUST-aa93cc98-e0d,2023-01,Q1 2023,1122,37,Dormant,0.684,High,12,11,True,2023-03-11,2025-06-04,242,93.5,761240.35,9.0,30.8
CUST-473fc6c7-b66,2021-02,Q1 2021,1812,60,Champion,0.091,Low,7,6,True,2021-05-10,2025-12-12,51,258.9,75990.16,7.0,86.2
CUST-adf8de6e-dbc,2020-08,Q3 2020,2003,66,Churned,1.0,High,5,4,True,2020-10-27,2025-04-10,297,400.6,1515652.94,2.0,4.1
CUST-5ee3dcd8-ff0,2023-02,Q1 2023,1075,35,Champion,0.099,Low,21,20,True,2023-05-17,2025-12-24,39,51.2,471969.23,0.0,92.7
CUST-b99d0711-3a1,2021-09,Q3 2021,1604,53,Dormant,0.902,High,27,26,True,2021-09-18,2025-06-17,229,59.4,650602.38,4.0,5.5
CUST-d66baa2b-e5a,2020-06,Q2 2020,2044,68,Activated,0.156,Low,7,6,True,2020-09-02,2025-10-19,105,292.0,554654.08,4.0,88.5
CUST-f1ba8b26-b09,2023-04,Q2 2023,1034,34,Dormant,0.938,High,30,29,True,2023-05-09,2025-09-15,139,34.5,878706.94,9.0,6.4
CUST-578240f4-dfa,2024-01,Q1 2024,750,25,Churned,1.0,High,2,1,True,2024-02-06,2025-05-30,247,375.0,275555.25,0.0,1.8
CUST-f791c635-b67,2024-05,Q2 2024,628,20,Dormant,0.868,High,1,0,False,2024-08-03,2025-06-05,241,628.0,2371375.75,3.0,16.4
CUST-3f719dcd-6fb,2023-05,Q2 2023,985,32,Dormant,0.88,High,10,9,True,2023-08-21,2025-08-21,164,98.5,1537770.75,4.0,16.5
CUST-c3bd10b6-037,2022-04,Q2 2022,1378,45,Dormant,0.652,High,18,17,True,2022-06-30,2025-07-02,214,76.6,847584.14,1.0,35.7
CUST-1fe7332f-300,2023-05,Q2 2023,978,32,At-Risk,0.46,Medium,2,1,True,2023-08-13,2025-11-25,68,489.0,661743.11,1.0,54.9
CUST-ced85f6d-6aa,2022-03,Q1 2022,1413,47,At-Risk,0.562,High,2,1,True,2022-05-29,2025-10-30,94,706.5,1754940.02,9.0,41.1
CUST-9a7c4e3c-070,2020-04,Q2 2020,2112,70,At-Risk,0.408,Medium,30,29,True,2020-05-15,2025-10-18,106,70.4,458052.38,1.0,62.0
CUST-a9fb6d69-7fe,2020-02,Q1 2020,2172,72,Dormant,0.81,High,16,15,True,2020-03-10,2025-07-13,203,135.8,342312.58,4.0,20.2
CUST-6a9eb0a0-e8c,2022-12,Q4 2022,1151,38,At-Risk,0.622,High,24,23,True,2023-01-19,2025-11-15,78,48.0,1213785.07,0.0,36.7
CUST-2d36aa86-764,2020-10,Q4 2020,1927,64,Dormant,0.77,High,29,28,True,2020-11-04,2025-05-24,253,66.4,1692571.09,8.0,18.9
CUST-768c568c-8e1,2022-10,Q4 2022,1204,40,Champion,0.071,Low,9,8,True,2022-11-04,2025-12-19,44,133.8,14448.36,0.0,90.8
CUST-bd0f6507-5b0,2023-07,Q3 2023,936,31,Dormant,0.737,High,6,5,True,2023-07-18,2025-09-25,129,156.0,22738.87,4.0,27.9
CUST-b1ddafab-ebd,2020-06,Q2 2020,2044,68,Dormant,0.807,High,17,16,True,2020-07-12,2025-05-13,264,120.2,1824035.93,,18.2
CUST-f2ccec53-7a0,2022-02,Q1 2022,1447,48,Champion,0.072,Low,19,18,True,2022-05-15,2025-11-16,77,76.2,243821.5,1.0,91.9
CUST-b6d22172-c33,2023-06,Q2 2023,970,32,Dormant,0.645,High,4,3,True,2023-06-14,2025-05-23,254,242.5,1108427.23,5.0,31.1
CUST-d9fb38b6-235,2020-09,Q3 2020,1958,65,At-Risk,0.63,High,2,1,True,2020-12-10,2025-09-13,141,979.0,1153738.15,5.0,37.2
CUST-faa048b5-492,2024-02,Q1 2024,713,23,Loyal,0.093,Low,30,29,True,2024-03-21,2025-11-05,88,23.8,66806.91,8.0,93.0
CUST-1c76bc59-2d9,2022-11,Q4 2022,1186,39,Dormant,0.788,High,5,4,True,2022-11-29,2025-10-10,114,237.2,635114.22,9.0,16.4
CUST-0a02b342-2e5,2023-08,Q3 2023,901,30,Dormant,0.92,High,13,12,True,2023-11-07,2025-05-31,246,69.3,1823291.62,9.0,7.3
CUST-5d5175f4-340,2020-02,Q1 2020,2185,72,Dormant,0.876,High,20,19,True,2020-04-13,2025-06-28,218,109.2,1205130.75,4.0,9.6
CUST-3da17260-f1e,2021-01,Q1 2021,1840,61,Dormant,0.664,High,22,21,True,2021-03-05,2025-10-28,96,83.6,1367920.65,4.0,29.9
CUST-4ce2a2d3-510,2021-09,Q3 2021,1604,53,Dormant,0.895,High,6,5,True,2021-09-17,2025-05-16,261,267.3,1156790.79,3.0,7.5
CUST-eaec91df-c17,2022-12,Q4 2022,1151,38,Dormant,0.921,High,14,13,True,2023-02-02,2025-06-24,222,82.2,698969.74,7.0,7.1
CUST-acdfc16c-9dd,2021-09,Q3 2021,1587,52,Champion,0.064,Low,14,13,True,2021-10-18,2025-12-13,50,113.4,888733.61,,91.7
CUST-97a39358-eac,2021-03,Q1 2021,1794,59,Dormant,0.892,High,8,7,True,2021-03-18,2025-07-12,204,224.2,67063.61,6.0,9.1
CUST-57793190-27a,2020-07,Q3 2020,2014,67,Dormant,0.861,High,16,15,True,2020-10-10,2025-07-22,194,125.9,250242.33,8.0,13.3
CUST-c83f8fcd-502,2022-08,Q3 2022,1259,41,Champion,0.071,Low,28,27,True,2022-10-22,2026-01-03,29,45.0,1101810.58,7.0,88.0
CUST-70806ef4-69e,2021-12,Q4 2021,1495,49,Churned,1.0,High,5,4,True,2022-01-13,2025-07-28,188,299.0,2159012.17,1.0,0.8
CUST-d9004099-e7e,2022-08,Q3 2022,1260,42,Dormant,0.651,High,7,6,True,2022-10-03,2025-07-12,204,180.0,1496231.45,9.0,39.2
CUST-32db9794-505,2020-12,Q4 2020,1874,62,Activated,0.075,Low,11,10,True,2020-12-29,2025-06-30,216,170.4,897401.77,9.0,97.1
CUST-96b5edc3-0e2,2022-04,Q2 2022,1377,45,Dormant,0.705,High,30,29,True,2022-05-10,2025-06-15,231,45.9,611642.65,10.0,24.6
CUST-7ac01d59-b94,2021-04,Q2 2021,1740,58,Churned,1.0,High,1,0,False,2021-06-11,2025-05-16,261,1740.0,930945.34,6.0,0.0
CUST-6c100c7f-f75,2020-05,Q2 2020,2081,69,Churned,1.0,High,4,3,True,2020-07-29,2025-09-30,124,520.2,800825.63,10.0,0.0
CUST-ea42bae6-aa1,2024-03,Q1 2024,673,22,Dormant,0.833,High,24,23,True,2024-05-19,2025-05-10,267,28.0,1796033.83,3.0,14.4
CUST-bfb09225-df5,2022-06,Q2 2022,1333,44,Churned,1.0,High,3,2,True,2022-07-25,2025-11-13,80,444.3,1256203.59,8.0,1.7
CUST-999def90-3e3,2023-02,Q1 2023,1077,35,Activated,0.161,Low,9,8,True,2023-02-21,2025-11-08,85,119.7,2399512.76,1.0,87.2
CUST-c95fe791-ba9,2023-01,Q1 2023,1107,36,Activated,0.193,Low,16,15,True,2023-02-28,2025-06-26,220,69.2,1788695.12,1.0,81.2
CUST-09cc650b-19e,2020-05,Q2 2020,2077,69,Churned,1.0,High,1,0,False,2020-06-10,2025-10-17,107,2077.0,2075751.43,10.0,0.0
CUST-efe586c5-a06,2022-11,Q4 2022,1180,39,Dormant,0.614,High,11,10,True,2023-02-03,2025-07-26,190,107.3,1881797.07,0.0,37.8
CUST-6394cbe2-6bb,2023-01,Q1 2023,1105,36,Dormant,0.917,High,6,5,True,2023-04-09,2025-08-30,155,184.2,1827054.23,3.0,13.0
CUST-37d54725-534,2024-03,Q1 2024,686,22,At-Risk,0.354,Medium,3,2,True,2024-03-26,2025-11-07,86,228.7,1887649.25,7.0,69.0
CUST-114b61d6-25c,2023-04,Q2 2023,1036,34,Dormant,0.844,High,7,6,True,2023-05-05,2025-08-15,170,148.0,203682.03,7.0,14.6
CUST-8ac3ef71-438,2023-05,Q2 2023,1000,33,Churned,1.0,High,3,2,True,2023-05-22,2025-10-13,111,333.3,602049.23,8.0,0.0
CUST-b7138a02-577,2020-09,Q3 2020,1964,65,Dormant,0.716,High,30,29,True,2020-09-23,2025-08-21,164,65.5,1731955.52,1.0,26.5
CUST-ac577f63-f5d,2022-07,Q3 2022,1309,43,Dormant,0.789,High,9,8,True,2022-07-29,2025-07-16,200,145.4,1471595.27,10.0,23.6
CUST-4b8933e2-8b5,2022-04,Q2 2022,1378,45,At-Risk,0.312,Medium,22,21,True,2022-07-04,2025-12-14,49,62.6,1437645.27,6.0,66.6
CUST-8935a17f-b4b,2022-03,Q1 2022,1407,46,Dormant,0.802,High,6,5,True,2022-05-15,2025-08-08,177,234.5,2143702.09,5.0,17.3
CUST-ea21cbbb-314,2022-07,Q3 2022,1304,43,Dormant,0.871,High,20,19,True,2022-07-23,2025-07-17,199,65.2,2436223.97,10.0,16.9
CUST-41ebcced-d67,2021-06,Q2 2021,1701,56,Churned,1.0,High,2,1,True,2021-08-25,2025-10-14,110,850.5,931760.54,10.0,0.3
CUST-05c8ffd9-f86,2020-05,Q2 2020,2084,69,Dormant,0.94,High,19,18,True,2020-07-26,2025-05-28,249,109.7,1171766.77,9.0,6.3
CUST-bba79d14-7c8,2023-09,Q3 2023,879,29,Champion,0.095,Low,8,7,True,2023-11-15,2025-11-25,68,109.9,1435213.35,1.0,86.1
CUST-02398403-f76,2023-11,Q4 2023,799,26,Dormant,0.701,High,28,27,True,2024-01-04,2025-06-21,225,28.5,939283.94,9.0,33.9
CUST-8227b815-fe6,2021-07,Q3 2021,1656,55,At-Risk,0.37,Medium,6,5,True,2021-07-23,2025-11-21,72,276.0,777455.34,,65.8
CUST-0c7c3a56-96f,2020-08,Q3 2020,2001,66,Dormant,0.766,High,16,15,True,2020-09-11,2025-05-27,250,125.1,1478642.31,8.0,21.9
CUST-28809b65-4fb,2022-10,Q4 2022,1204,40,Dormant,0.718,High,7,6,True,2022-10-27,2025-05-10,267,172.0,1462393.95,5.0,32.4
CUST-6c02e793-3cd,2022-04,Q2 2022,1396,46,Churned,1.0,High,1,0,False,2022-04-21,2025-12-16,47,1396.0,1629780.36,7.0,0.0
CUST-5d2a1279-99e,2023-07,Q3 2023,929,30,At-Risk,0.424,Medium,29,28,True,2023-07-31,2025-10-25,99,32.0,560631.1,10.0,56.9
CUST-41db02bc-bb9,2020-08,Q3 2020,2005,66,At-Risk,0.39,Medium,26,25,True,2020-10-23,2025-10-29,95,77.1,1429524.63,4.0,63.3
CUST-43b8d38a-396,2020-05,Q2 2020,2094,69,Churned,1.0,High,1,0,False,2020-08-03,2025-12-02,61,2094.0,2285365.26,1.0,1.7
CUST-17ad8adf-50e,2021-03,Q1 2021,1790,59,Champion,0.04,Low,14,13,True,2021-04-29,2025-11-10,83,127.9,2085994.12,5.0,97.4
CUST-1908dd2b-785,2023-12,Q4 2023,787,26,Churned,1.0,High,5,4,True,2024-01-06,2025-10-18,106,157.4,50234.27,9.0,0.0
CUST-2f5b3c8a-dd4,2023-06,Q2 2023,963,32,Dormant,0.715,High,8,7,True,2023-06-29,2025-07-18,198,120.4,1533055.85,4.0,27.6
CUST-0b742c96-f56,2023-04,Q2 2023,1009,33,Dormant,0.892,High,30,29,True,2023-05-07,2025-07-07,209,33.6,1403541.04,5.0,7.3
CUST-f86d58e1-7e0,2020-07,Q3 2020,2019,67,Champion,0.015,Low,13,12,True,2020-08-05,2025-11-08,85,155.3,559820.27,2.0,97.1
CUST-047a6587-3cc,2021-08,Q3 2021,1642,54,Dormant,0.905,High,26,25,True,2021-09-18,2025-09-09,145,63.2,219996.48,4.0,9.3
CUST-5ea260e0-af0,2021-01,Q1 2021,1855,61,Churned,1.0,High,1,0,False,2021-01-08,2025-10-22,102,1855.0,462245.97,0.0,0.0
CUST-f177a1e5-1bc,2024-04,Q2 2024,665,22,Dormant,0.802,High,12,11,True,2024-06-04,2025-10-04,120,55.4,854980.82,4.0,21.5
CUST-d0405bf6-977,2020-03,Q1 2020,2135,71,Dormant,0.669,High,14,13,True,2020-05-13,2025-05-10,267,152.5,1043758.41,,35.6
CUST-d123cb23-2d1,2020-08,Q3 2020,1986,66,Churned,1.0,High,2,1,True,2020-10-05,2025-05-25,252,993.0,484194.97,0.0,0.0
CUST-0ef1d3cb-a92,2021-03,Q1 2021,1772,59,Activated,0.071,Low,18,17,True,2021-05-10,2025-04-26,281,98.4,1286793.06,5.0,97.4
CUST-4b420f22-6ee,2021-02,Q1 2021,1809,60,Dormant,0.626,High,17,16,True,2021-04-14,2025-06-28,218,106.4,349829.79,6.0,37.9
CUST-d182e8dd-d53,2023-07,Q3 2023,917,30,Champion,0.072,Low,21,20,True,2023-10-19,2025-12-14,49,43.7,544818.11,5.0,93.9
CUST-37857b84-914,2021-05,Q2 2021,1718,57,Churned,1.0,High,1,0,False,2021-08-04,2025-06-20,226,1718.0,43512.64,1.0,0.0
CUST-bf9d7887-bbe,2022-09,Q3 2022,1242,41,Champion,0.022,Low,22,21,True,2022-10-08,2025-12-15,48,56.5,886437.02,1.0,97.0
CUST-bdb8084f-c35,2020-02,Q1 2020,2191,73,Dormant,0.935,High,26,25,True,2020-02-06,2025-08-06,179,84.3,575135.58,2.0,6.7
CUST-2ed4968a-cfe,2023-12,Q4 2023,782,26,Churned,1.0,High,4,3,True,2023-12-23,2025-11-03,90,195.5,803193.65,1.0,1.8
CUST-4f511782-bb3,2024-06,Q2 2024,610,20,At-Risk,0.436,Medium,30,29,True,2024-06-10,2025-11-03,90,20.3,1327341.49,1.0,51.5
CUST-4952acb8-e5b,2023-12,Q4 2023,780,26,Dormant,0.85,High,6,5,True,2024-03-13,2025-06-02,244,130.0,722341.13,6.0,13.1
CUST-dfca49e2-40c,2024-04,Q2 2024,665,22,Dormant,0.762,High,3,2,True,2024-06-10,2025-07-22,194,221.7,2672428.66,0.0,19.7
CUST-92538f6b-6d1,2023-10,Q4 2023,834,27,Champion,0.05,Low,5,4,True,2023-11-22,2025-11-14,79,166.8,1783700.26,4.0,99.2
CUST-6f95ef15-56a,2020-06,Q2 2020,2066,68,Dormant,0.922,High,1,0,False,2020-08-02,2025-06-06,240,2066.0,1960345.01,7.0,12.2
CUST-a9ca2aea-b76,2022-06,Q2 2022,1314,43,At-Risk,0.438,Medium,3,2,True,2022-08-18,2025-11-06,87,438.0,2386594.5,1.0,61.0
CUST-9469be45-540,2022-12,Q4 2022,1138,37,Churned,1.0,High,4,3,True,2023-02-15,2025-11-07,86,284.5,825137.99,2.0,2.2
CUST-85fa53cb-fe2,2021-08,Q3 2021,1641,54,Dormant,0.845,High,20,19,True,2021-09-15,2025-08-23,162,82.0,1693845.59,8.0,19.7
CUST-a353f075-89c,2022-06,Q2 2022,1321,44,Activated,0.111,Low,25,24,True,2022-08-29,2025-06-17,229,52.8,79589.35,2.0,85.3
CUST-b4f7608c-f9d,2022-04,Q2 2022,1395,46,Champion,0.048,Low,24,23,True,2022-07-07,2025-12-04,59,58.1,1262534.71,8.0,98.9
CUST-2e0aaf5c-297,2023-03,Q1 2023,1066,35,At-Risk,0.418,Medium,27,26,True,2023-05-22,2025-11-25,68,39.5,2043102.87,9.0,57.7
CUST-915c6a9c-9e7,2020-07,Q3 2020,2034,67,Activated,0.192,Low,15,14,True,2020-08-29,2025-07-17,199,135.6,950576.81,9.0,80.0
CUST-903169c3-758,2022-03,Q1 2022,1416,47,Dormant,0.912,High,30,29,True,2022-06-09,2025-07-13,203,47.2,1643666.15,7.0,5.7
CUST-05bde016-c93,2021-09,Q3 2021,1593,53,Dormant,0.74,High,2,1,True,2021-10-27,2025-08-06,179,796.5,920983.97,3.0,30.3
CUST-67049120-7b1,2023-04,Q2 2023,1021,34,Activated,0.055,Low,27,26,True,2023-04-25,2025-10-18,106,37.8,720938.07,3.0,90.3
CUST-3f4693c6-824,2023-02,Q1 2023,1085,36,Dormant,0.607,High,27,26,True,2023-03-02,2025-09-10,144,40.2,935486.53,0.0,41.6
CUST-84d22aad-efd,2022-08,Q3 2022,1274,42,Dormant,0.62,High,3,2,True,2022-10-09,2025-07-23,193,424.7,1207125.89,3.0,37.8
CUST-99437142-1f0,2020-09,Q3 2020,1979,65,At-Risk,0.33,Medium,28,27,True,2020-10-20,2025-11-08,85,70.7,1755267.07,9.0,62.5
CUST-7cc0374b-ad0,2023-03,Q1 2023,1045,34,Dormant,0.714,High,6,5,True,2023-05-26,2025-04-25,282,174.2,1466268.07,2.0,25.3
CUST-64d5099c-710,2021-12,Q4 2021,1494,49,Dormant,0.93,High,26,25,True,2022-02-20,2025-04-22,285,57.5,575440.23,8.0,11.2
CUST-259c8fd1-21d,2021-07,Q3 2021,1668,55,At-Risk,0.333,Medium,7,6,True,2021-08-28,2025-10-11,113,238.3,1807043.11,8.0,62.0
CUST-bb5d248d-6b3,2020-11,Q4 2020,1890,63,Churned,1.0,High,4,3,True,2021-01-05,2025-05-08,269,472.5,1057320.95,9.0,0.5
CUST-731897f5-b44,2021-09,Q3 2021,1585,52,At-Risk,0.558,High,9,8,True,2021-11-09,2025-10-02,122,176.1,261107.66,9.0,44.0
CUST-56e76d38-ab0,2021-04,Q2 2021,1759,58,Dormant,0.92,High,28,27,True,2021-06-17,2025-07-06,210,62.8,349288.08,0.0,10.3
CUST-ac9b9ea1-495,2020-05,Q2 2020,2102,70,Dormant,0.74,High,11,10,True,2020-06-21,2025-08-01,184,191.1,233301.57,1.0,23.7
CUST-86c72cc8-760,2020-02,Q1 2020,2164,72,Dormant,0.755,High,30,29,True,2020-03-27,2025-05-07,270,72.1,1538119.38,,21.9
CUST-6a3d0d58-c4d,2021-07,Q3 2021,1646,54,Dormant,0.676,High,19,18,True,2021-08-02,2025-05-28,249,86.6,1254202.68,8.0,34.1
CUST-446319b4-0e4,2022-02,Q1 2022,1446,48,Activated,0.194,Low,26,25,True,2022-05-09,2025-09-07,147,55.6,2089691.57,5.0,78.4
CUST-0ef1d2d2-8a6,2020-03,Q1 2020,2140,71,Dormant,0.863,High,21,20,True,2020-05-28,2025-04-25,282,101.9,915593.07,1.0,16.7
CUST-0dfeb2cf-4a6,2022-09,Q3 2022,1249,41,Champion,0.07,Low,7,6,True,2022-10-15,2026-01-20,12,178.4,1488344.71,10.0,90.6
CUST-2166b30a-9dd,2020-07,Q3 2020,2015,67,Churned,1.0,High,1,0,False,2020-09-01,2025-11-26,67,2015.0,396563.8,9.0,2.7
CUST-ceec68ae-e8e,2024-01,Q1 2024,762,25,Activated,0.102,Low,17,16,True,2024-01-02,2025-11-02,91,44.8,792932.08,1.0,90.9
CUST-c2732649-e83,2022-09,Q3 2022,1221,40,Dormant,0.741,High,16,15,True,2022-11-26,2025-08-11,174,76.3,1839210.39,7.0,27.1
CUST-6ed8005d-f92,2020-11,Q4 2020,1911,63,Dormant,0.643,High,2,1,True,2021-01-28,2025-06-29,217,955.5,496389.55,,31.1
CUST-0b1142fb-45d,2021-12,Q4 2021,1520,50,Churned,1.0,High,5,4,True,2022-02-01,2025-12-11,52,304.0,899094.93,0.0,0.0
CUST-800538a4-8cc,2024-05,Q2 2024,627,20,Activated,0.161,Low,14,13,True,2024-07-04,2025-07-28,188,44.8,91723.47,7.0,80.2
CUST-03ded41e-009,2022-09,Q3 2022,1249,41,Activated,0.106,Low,7,6,True,2022-11-07,2025-09-09,145,178.4,1349605.18,9.0,86.9
CUST-d5af6023-79e,2024-02,Q1 2024,704,23,Activated,0.163,Low,15,14,True,2024-03-24,2025-09-07,147,46.9,92139.23,1.0,87.8
CUST-5588d725-2c1,2020-06,Q2 2020,2050,68,Champion,0.097,Low,3,2,True,2020-09-10,2025-11-29,64,683.3,671692.98,5.0,89.7
CUST-cbd38259-4bf,2023-11,Q4 2023,798,26,Churned,1.0,High,2,1,True,2024-01-07,2025-09-11,143,399.0,920285.5,4.0,0.3
CUST-826833f9-f7d,2023-06,Q2 2023,964,32,Dormant,0.758,High,6,5,True,2023-08-14,2025-08-02,183,160.7,1325039.29,5.0,21.7
CUST-3ae8992a-62e,2023-07,Q3 2023,944,31,At-Risk,0.624,High,24,23,True,2023-08-11,2025-11-21,72,39.3,2654503.63,1.0,38.8
CUST-cc0fe717-8fc,2021-09,Q3 2021,1605,53,Activated,0.237,Medium,23,22,True,2021-11-10,2025-09-10,144,69.8,388901.75,2.0,77.7
CUST-16c2e879-5e9,2023-07,Q3 2023,938,31,At-Risk,0.609,High,26,25,True,2023-10-07,2025-10-26,98,36.1,1556268.72,8.0,39.9
CUST-904b28a7-115,2020-11,Q4 2020,1915,63,At-Risk,0.454,Medium,9,8,True,2020-11-15,2025-10-14,110,212.8,439548.67,3.0,50.0
CUST-a0d27acf-3a0,2023-05,Q2 2023,992,33,Churned,1.0,High,1,0,False,2023-06-27,2025-07-24,192,992.0,692464.67,1.0,0.6
CUST-6eceff34-cb3,2021-07,Q3 2021,1665,55,Dormant,0.869,High,14,13,True,2021-09-21,2025-06-11,235,118.9,1699461.88,3.0,10.6
CUST-446c4188-541,2022-04,Q2 2022,1390,46,Champion,0.013,Low,24,23,True,2022-05-18,2025-11-27,66,57.9,1265563.59,2.0,98.7
CUST-d2ea54bd-e40,2022-12,Q4 2022,1148,38,Dormant,0.827,High,12,11,True,2023-02-08,2025-06-15,231,95.7,1427572.13,8.0,13.7
CUST-1ad97bb0-0b5,2021-07,Q3 2021,1661,55,Dormant,0.641,High,25,24,True,2021-08-04,2025-09-13,141,66.4,367408.41,10.0,39.0
CUST-573c8857-a33,2024-01,Q1 2024,758,25,Dormant,0.602,High,26,25,True,2024-03-31,2025-07-19,197,29.2,1915735.89,5.0,43.7
CUST-e4b204e6-d47,2021-04,Q2 2021,1739,57,Champion,0.015,Low,2,1,True,2021-05-16,2025-12-14,49,869.5,1617110.12,9.0,97.9
CUST-fe6c7ec9-d4e,2024-04,Q2 2024,653,21,At-Risk,0.473,Medium,20,19,True,2024-05-16,2025-10-05,119,32.6,764907.78,10.0,49.2
CUST-2aeb699d-f4b,2022-11,Q4 2022,1187,39,Dormant,0.708,High,8,7,True,2022-12-01,2025-06-09,237,148.4,1866071.8,,32.4
CUST-e87c4136-d87,2022-03,Q1 2022,1403,46,Dormant,0.782,High,21,20,True,2022-05-10,2025-06-03,243,66.8,1108834.89,5.0,17.2
CUST-bd84a0b7-212,2020-09,Q3 2020,1950,65,Churned,1.0,High,4,3,True,2020-12-05,2025-06-09,237,487.5,589740.4,8.0,0.8
CUST-40b0aeed-879,2020-02,Q1 2020,2176,72,Champion,0.048,Low,28,27,True,2020-04-12,2025-12-06,57,77.7,687624.21,8.0,98.2
CUST-493115b8-ee1,2020-07,Q3 2020,2041,68,Dormant,0.903,High,25,24,True,2020-09-10,2025-08-31,154,81.6,1183303.65,5.0,5.4
CUST-7e988fe4-80e,2022-10,Q4 2022,1211,40,Dormant,0.794,High,26,25,True,2022-10-19,2025-07-23,193,46.6,497104.19,2.0,23.9
CUST-484c06dd-63f,2022-07,Q3 2022,1300,43,Champion,0.1,Low,7,6,True,2022-09-15,2025-11-27,66,185.7,697881.96,10.0,90.8
CUST-af651c25-c4d,2024-02,Q1 2024,716,23,Dormant,0.662,High,8,7,True,2024-04-10,2025-10-04,120,89.5,588663.26,1.0,30.9
CUST-365cdb2b-449,2020-04,Q2 2020,2130,71,Dormant,0.866,High,4,3,True,2020-05-10,2025-05-09,268,532.5,1826044.4,4.0,10.6
CUST-ca1419ee-885,2022-08,Q3 2022,1265,42,Dormant,0.86,High,24,23,True,2022-09-05,2025-05-08,269,52.7,428478.86,1.0,10.3
CUST-e8a64366-271,2022-05,Q2 2022,1343,44,Dormant,0.888,High,30,29,True,2022-08-02,2025-08-07,178,44.8,2061145.93,,12.2
CUST-9e49cc63-000,2023-09,Q3 2023,877,29,Activated,0.103,Low,30,29,True,2023-10-31,2025-09-12,142,29.2,2237253.83,8.0,85.9
CUST-ec633d42-c1c,2022-10,Q4 2022,1210,40,Dormant,0.639,High,13,12,True,2022-11-11,2025-04-13,294,93.1,1433053.55,10.0,34.3
CUST-400a2b02-ba1,2021-07,Q3 2021,1665,55,Dormant,0.764,High,16,15,True,2021-07-19,2025-10-08,116,104.1,502356.89,0.0,25.7
CUST-74e2cae1-48e,2020-02,Q1 2020,2170,72,Activated,0.062,Low,12,11,True,2020-04-02,2025-07-10,206,180.8,1392552.67,2.0,90.3
CUST-0a583d13-660,2022-07,Q3 2022,1294,43,Churned,1.0,High,1,0,False,2022-07-28,2025-09-24,130,1294.0,1169430.78,1.0,1.2
CUST-f164e563-4e1,2020-04,Q2 2020,2124,70,Activated,0.187,Low,24,23,True,2020-04-22,2025-11-29,64,88.5,2227717.31,6.0,85.9
CUST-9c8a0fcb-b82,2021-03,Q1 2021,1797,59,Churned,1.0,High,1,0,False,2021-03-31,2025-05-24,253,1797.0,654146.32,2.0,1.7
CUST-75acd35e-006,2020-07,Q3 2020,2027,67,Champion,0.025,Low,11,10,True,2020-08-23,2025-11-20,73,184.3,1303339.61,6.0,95.3
CUST-5f0d53b2-d24,2020-07,Q3 2020,2033,67,Dormant,0.692,High,5,4,True,2020-09-27,2025-06-01,245,406.6,1263505.32,4.0,28.4
CUST-ed6703a5-5da,2020-09,Q3 2020,1962,65,At-Risk,0.332,Medium,3,2,True,2020-11-15,2025-10-15,109,654.0,1994031.49,,65.8
CUST-90cf8799-5be,2023-03,Q1 2023,1059,35,Activated,0.177,Low,29,28,True,2023-05-25,2025-11-12,81,36.5,756189.52,0.0,86.6
CUST-1c6317a2-73f,2022-05,Q2 2022,1371,45,Champion,0.082,Low,2,1,True,2022-06-11,2025-11-24,69,685.5,315675.98,1.0,94.5
CUST-d7053f8f-df8,2023-10,Q4 2023,844,28,Dormant,0.759,High,30,29,True,2023-12-30,2025-06-21,225,28.1,221927.23,6.0,22.6
CUST-ed45cbaf-846,2021-09,Q3 2021,1603,53,At-Risk,0.301,Medium,19,18,True,2021-11-30,2025-10-18,106,84.4,1882673.57,1.0,74.3
CUST-2c5f1c2e-450,2021-01,Q1 2021,1838,61,Champion,0.027,Low,25,24,True,2021-03-12,2025-11-26,67,73.5,183474.0,1.0,94.5
CUST-a7e77c0b-c43,2020-11,Q4 2020,1911,63,At-Risk,0.581,High,26,25,True,2021-01-08,2025-11-24,69,73.5,1123866.75,10.0,43.2
CUST-6aa5e838-44d,2023-12,Q4 2023,763,25,Dormant,0.896,High,10,9,True,2024-01-04,2025-07-25,191,76.3,93134.67,2.0,13.1
CUST-1cc3db9a-0db,2020-05,Q2 2020,2099,69,Activated,0.139,Low,5,4,True,2020-06-12,2025-10-05,119,419.8,1576672.36,7.0,83.8
CUST-ea44bec5-c1a,2021-08,Q3 2021,1634,54,At-Risk,0.562,High,24,23,True,2021-10-03,2025-11-11,82,68.1,1184887.62,8.0,38.9
CUST-080cb6a3-70c,2023-10,Q4 2023,845,28,At-Risk,0.618,High,11,10,True,2023-10-21,2025-10-13,111,76.8,1060599.19,0.0,35.3
CUST-574a0e04-2da,2022-05,Q2 2022,1372,45,Champion,0.056,Low,17,16,True,2022-05-15,2025-12-18,45,80.7,336948.72,3.0,89.6
CUST-d81f3334-3a9,2020-05,Q2 2020,2093,69,Activated,0.186,Low,3,2,True,2020-07-19,2025-08-21,164,697.7,1792302.03,7.0,79.5
CUST-fe116d18-a52,2020-11,Q4 2020,1914,63,Champion,0.016,Low,29,28,True,2020-11-11,2025-11-28,65,66.0,1363873.63,7.0,99.0
CUST-da6a3aaa-568,2020-03,Q1 2020,2138,71,Churned,1.0,High,3,2,True,2020-04-04,2025-09-19,135,712.7,1010867.38,4.0,0.0
CUST-3bd2698d-559,2020-10,Q4 2020,1941,64,Dormant,0.66,High,29,28,True,2020-12-27,2025-06-30,216,66.9,255307.9,8.0,35.1
CUST-4d6a9866-d93,2022-01,Q1 2022,1485,49,At-Risk,0.634,High,9,8,True,2022-03-03,2025-10-30,94,165.0,577758.24,1.0,32.9
CUST-b4daf0b0-1b0,2022-01,Q1 2022,1483,49,Churned,1.0,High,4,3,True,2022-02-12,2026-01-01,31,370.8,1665303.65,0.0,3.9
CUST-245c07cb-43a,2020-03,Q1 2020,2148,71,At-Risk,0.567,High,28,27,True,2020-04-09,2025-11-06,87,76.7,409550.58,8.0,47.1
CUST-4c34a1bc-07c,2021-12,Q4 2021,1519,50,Activated,0.219,Medium,7,6,True,2021-12-20,2025-05-24,253,217.0,1945552.35,8.0,79.8
CUST-8865256c-3eb,2024-05,Q2 2024,623,20,At-Risk,0.496,Medium,18,17,True,2024-06-22,2025-11-06,87,34.6,1201642.3,3.0,48.2
CUST-7e696f2a-389,2020-07,Q3 2020,2033,67,Dormant,0.888,High,3,2,True,2020-09-25,2025-09-20,134,677.7,1268190.3,,10.6
CUST-de243259-9e4,2021-06,Q2 2021,1692,56,At-Risk,0.335,Medium,7,6,True,2021-07-18,2025-10-26,98,241.7,285774.91,9.0,69.0
CUST-13de7c82-298,2023-07,Q3 2023,938,31,At-Risk,0.467,Medium,30,29,True,2023-08-08,2025-10-26,98,31.3,2747572.48,4.0,57.2
CUST-83245f7b-bd8,2022-01,Q1 2022,1484,49,Dormant,0.676,High,8,7,True,2022-01-21,2025-08-07,178,185.5,1170338.0,9.0,29.9
CUST-ada2577a-f12,2023-02,Q1 2023,1079,35,Dormant,0.915,High,6,5,True,2023-04-27,2025-09-18,136,179.8,967441.11,2.0,10.3
CUST-2dea9de5-bae,2022-07,Q3 2022,1286,42,Dormant,0.619,High,3,2,True,2022-08-31,2025-06-04,242,428.7,406415.58,4.0,36.8
CUST-a12bdda6-f79,2022-04,Q2 2022,1387,46,Activated,0.16,Low,24,23,True,2022-05-16,2025-05-13,264,57.8,744470.12,10.0,80.2
CUST-5aed78bc-aca,2023-04,Q2 2023,1016,33,Dormant,0.848,High,12,11,True,2023-06-06,2025-08-09,176,84.7,1006406.36,3.0,11.9
CUST-8d78e48c-a16,2022-07,Q3 2022,1297,43,Champion,0.075,Low,15,14,True,2022-07-22,2025-12-30,33,86.5,1037154.81,4.0,93.6
CUST-9ae0c43a-c81,2022-04,Q2 2022,1385,46,Dormant,0.648,High,15,14,True,2022-07-06,2025-08-21,164,92.3,852512.63,0.0,31.4
CUST-1ad56bd6-47d,2023-08,Q3 2023,902,30,Dormant,0.756,High,14,13,True,2023-09-12,2025-05-21,256,64.4,1808496.44,4.0,22.0
CUST-665df26d-e2c,2021-07,Q3 2021,1660,55,Churned,1.0,High,1,0,False,2021-09-13,2025-11-18,75,1660.0,2615239.58,,0.0
CUST-331e37f3-c99,2021-01,Q1 2021,1854,61,Dormant,0.754,High,23,22,True,2021-03-19,2025-08-09,176,80.6,2162114.63,8.0,26.7
CUST-594fd32b-a33,2020-11,Q4 2020,1908,63,Dormant,0.941,High,25,24,True,2020-12-20,2025-07-08,208,76.3,249832.17,4.0,5.9
CUST-70e56663-50c,2021-10,Q4 2021,1560,52,Activated,0.09,Low,26,25,True,2022-01-22,2025-07-13,203,60.0,1065811.75,10.0,90.2
CUST-bc372dd6-ddf,2023-02,Q1 2023,1091,36,Dormant,0.746,High,23,22,True,2023-05-06,2025-09-07,147,47.4,314056.93,6.0,27.2
CUST-6f04d3b7-3fc,2023-07,Q3 2023,921,30,Dormant,0.769,High,3,2,True,2023-09-10,2025-08-16,169,307.0,967973.49,5.0,28.0
CUST-a07df6ad-a49,2020-12,Q4 2020,1881,62,Dormant,0.738,High,26,25,True,2021-03-07,2025-05-17,260,72.3,1253386.31,8.0,29.2
CUST-562fb84b-e07,2021-09,Q3 2021,1608,53,Dormant,0.862,High,3,2,True,2021-09-26,2025-06-19,227,536.0,337525.05,9.0,12.5
CUST-26bdc882-571,2023-07,Q3 2023,923,30,Dormant,0.715,High,23,22,True,2023-09-25,2025-07-09,207,40.1,686706.34,6.0,31.4
CUST-59a52c4d-18b,2020-01,Q1 2020,2219,73,Activated,0.113,Low,2,1,True,2020-03-16,2025-09-30,124,1109.5,2033083.47,,93.1
CUST-1da583a0-e51,2020-03,Q1 2020,2160,72,Champion,0.04,Low,1,0,False,2020-03-27,2026-01-08,24,2160.0,2032979.76,10.0,92.8
CUST-564f70ee-6c1,2021-01,Q1 2021,1828,60,Dormant,0.655,High,13,12,True,2021-02-03,2025-09-14,140,140.6,2262389.92,8.0,34.6
CUST-de9a1b7c-f3d,2020-03,Q1 2020,2148,71,Dormant,0.902,High,16,15,True,2020-05-27,2025-07-27,189,134.2,394552.7,5.0,10.1
CUST-22e02b18-0e3,2023-10,Q4 2023,847,28,At-Risk,0.627,High,8,7,True,2023-11-02,2025-10-18,106,105.9,1118069.55,1.0,36.8
CUST-ca310596-b83,2023-10,Q4 2023,835,27,Churned,1.0,High,4,3,True,2023-10-25,2025-05-05,272,208.8,1261432.92,3.0,0.0
CUST-8d38a16d-bfa,2022-04,Q2 2022,1390,46,Activated,0.236,Medium,3,2,True,2022-05-15,2025-07-29,187,463.3,137103.58,6.0,75.6
CUST-f62ee966-748,2022-03,Q1 2022,1421,47,Dormant,0.831,High,3,2,True,2022-03-19,2025-06-07,239,473.7,765018.43,2.0,12.8
CUST-06edfd88-722,2020-07,Q3 2020,2025,67,Dormant,0.933,High,19,18,True,2020-08-22,2025-04-20,287,106.6,598824.88,1.0,4.9
CUST-6b495f96-84a,2022-11,Q4 2022,1159,38,Champion,0.014,Low,10,9,True,2023-01-30,2025-12-15,48,115.9,747776.34,10.0,96.5
CUST-69809480-26e,2020-09,Q3 2020,1962,65,Dormant,0.755,High,19,18,True,2020-12-08,2025-05-22,255,103.3,848474.51,2.0,24.4
CUST-2c1cf43e-4f8,2023-06,Q2 2023,959,31,Activated,0.223,Medium,12,11,True,2023-08-14,2025-11-19,74,79.9,95663.83,4.0,82.0
CUST-589a1870-d43,2021-11,Q4 2021,1551,51,Dormant,0.869,High,27,26,True,2021-12-01,2025-09-10,144,57.4,1727288.95,8.0,11.8
CUST-c3bd156d-c50,2020-03,Q1 2020,2133,71,Dormant,0.928,High,28,27,True,2020-05-02,2025-05-01,276,76.2,930834.08,2.0,9.3
CUST-6d175860-0b0,2023-09,Q3 2023,877,29,At-Risk,0.33,Medium,26,25,True,2023-10-02,2025-11-06,87,33.7,545413.66,2.0,64.0
CUST-8ae7d29c-798,2023-11,Q4 2023,807,26,Dormant,0.822,High,24,23,True,2023-12-24,2025-09-17,137,33.6,892910.84,9.0,13.2
CUST-ebf180d5-5cf,2020-01,Q1 2020,2216,73,At-Risk,0.628,High,23,22,True,2020-03-19,2025-10-21,103,96.3,1650010.0,6.0,42.0
CUST-b37b3a69-216,2020-03,Q1 2020,2162,72,Dormant,0.82,High,19,18,True,2020-05-30,2025-09-01,153,113.8,19558.67,3.0,17.9
CUST-3d578b45-e00,2024-01,Q1 2024,751,25,Dormant,0.711,High,21,20,True,2024-01-17,2025-07-12,204,35.8,486963.72,0.0,25.6
CUST-ed1bb99c-47d,2020-08,Q3 2020,1996,66,Dormant,0.808,High,21,20,True,2020-11-07,2025-08-21,164,95.0,1406294.87,4.0,16.1
CUST-9f441677-ee0,2021-01,Q1 2021,1831,61,Activated,0.125,Low,6,5,True,2021-03-29,2025-09-07,147,305.2,319978.98,10.0,92.3
CUST-a0164f99-a8c,2021-07,Q3 2021,1650,55,Champion,0.065,Low,4,3,True,2021-09-16,2025-11-19,74,412.5,292908.51,6.0,90.6
CUST-4cfbeb7a-669,2022-11,Q4 2022,1161,38,Dormant,0.946,High,24,23,True,2023-01-03,2025-08-19,166,48.4,1249706.42,5.0,5.6
CUST-14bc98e9-464,2021-03,Q1 2021,1774,59,Champion,0.07,Low,24,23,True,2021-04-28,2025-12-30,33,73.9,1587452.07,6.0,97.8
CUST-caa194d8-a82,2022-06,Q2 2022,1313,43,Dormant,0.631,High,18,17,True,2022-09-02,2025-08-23,162,72.9,175637.83,0.0,35.0
CUST-ef6224ef-c65,2020-02,Q1 2020,2173,72,Dormant,0.761,High,21,20,True,2020-04-12,2025-06-25,221,103.5,1730812.18,6.0,25.5
CUST-c08a714e-683,2021-11,Q4 2021,1540,51,Dormant,0.72,High,7,6,True,2021-12-19,2025-06-30,216,220.0,186923.74,,30.8
CUST-e62d266f-c46,2023-04,Q2 2023,1036,34,Churned,1.0,High,4,3,True,2023-04-14,2025-10-28,96,259.0,927350.31,3.0,0.0
CUST-24f18ab4-425,2024-03,Q1 2024,672,22,Churned,1.0,High,1,0,False,2024-05-22,2025-08-27,158,672.0,659001.83,,0.0
CUST-a0a32e91-6a8,2020-09,Q3 2020,1961,65,Dormant,0.843,High,24,23,True,2020-09-30,2025-08-18,167,81.7,58307.39,0.0,15.7
CUST-e724fa81-c57,2020-02,Q1 2020,2176,72,Activated,0.071,Low,11,10,True,2020-04-28,2025-10-09,115,197.8,1214968.6,1.0,93.9
CUST-9b9c180c-c8e,2023-03,Q1 2023,1057,35,Dormant,0.607,High,11,10,True,2023-03-22,2025-09-21,133,96.1,905060.74,5.0,36.2
CUST-c9c5a41d-623,2021-04,Q2 2021,1746,58,Churned,1.0,High,5,4,True,2021-04-24,2025-08-14,171,349.2,459840.61,3.0,0.5
CUST-91462099-060,2022-05,Q2 2022,1367,45,Churned,1.0,High,2,1,True,2022-06-18,2025-09-01,153,683.5,371067.65,,1.3
CUST-0ec5fc52-0a2,2022-10,Q4 2022,1194,39,At-Risk,0.38,Medium,17,16,True,2022-12-01,2025-11-27,66,70.2,1392317.37,9.0,57.1
CUST-11bb25be-512,2023-03,Q1 2023,1044,34,Churned,1.0,High,3,2,True,2023-05-27,2025-05-01,276,348.0,1735712.8,9.0,0.5
CUST-b15336a7-6a6,2022-02,Q1 2022,1436,47,Champion,0.063,Low,6,5,True,2022-05-13,2026-01-07,25,239.3,1818115.63,6.0,91.3
CUST-f5226893-88d,2024-01,Q1 2024,744,24,Churned,1.0,High,4,3,True,2024-02-04,2025-11-24,69,186.0,1453285.08,8.0,0.2
CUST-5eb42553-b9a,2023-08,Q3 2023,915,30,At-Risk,0.556,High,28,27,True,2023-09-13,2025-11-08,85,32.7,904492.65,10.0,46.4
CUST-22ac73c3-cec,2024-03,Q1 2024,690,23,Churned,1.0,High,5,4,True,2024-05-22,2025-09-08,146,138.0,279023.0,6.0,0.0
CUST-6adb28f2-10d,2020-12,Q4 2020,1861,62,Dormant,0.871,High,22,21,True,2021-03-27,2025-07-29,187,84.6,479010.72,7.0,17.7
CUST-06bc49bc-f2a,2022-06,Q2 2022,1318,43,At-Risk,0.324,Medium,10,9,True,2022-09-02,2025-10-14,110,131.8,63688.7,1.0,63.7
CUST-ee331fcd-d36,2021-05,Q2 2021,1712,57,Dormant,0.739,High,27,26,True,2021-06-10,2025-07-23,193,63.4,12947.63,6.0,26.3
CUST-7675f8f1-a4b,2023-09,Q3 2023,863,28,Activated,0.097,Low,8,7,True,2023-11-01,2025-05-20,257,107.9,1734024.17,,91.1
CUST-692f97ba-124,2021-03,Q1 2021,1786,59,Dormant,0.644,High,10,9,True,2021-03-28,2025-05-17,260,178.6,1197703.81,2.0,37.0
CUST-bb2d9f63-265,2020-03,Q1 2020,2134,71,Dormant,0.749,High,15,14,True,2020-05-20,2025-05-25,252,142.3,2193978.06,2.0,21.0
CUST-23444603-428,2024-04,Q2 2024,644,21,Activated,0.053,Low,21,20,True,2024-07-15,2025-10-05,119,30.7,1129136.77,,95.3
CUST-5f28f039-dfd,2022-10,Q4 2022,1192,39,Dormant,0.79,High,10,9,True,2023-01-05,2025-10-07,117,119.2,770999.89,4.0,19.5
CUST-d33c78a8-ae0,2021-08,Q3 2021,1616,53,Dormant,0.864,High,18,17,True,2021-11-18,2025-07-19,197,89.8,195124.25,5.0,9.4
CUST-0bbd426a-cd3,2022-04,Q2 2022,1374,45,At-Risk,0.639,High,3,2,True,2022-05-03,2025-09-22,132,458.0,1264637.58,8.0,40.9
CUST-0a70a54a-d43,2023-11,Q4 2023,798,26,At-Risk,0.416,Medium,5,4,True,2023-12-19,2025-11-14,79,159.6,1612062.77,3.0,57.1
CUST-403eb560-9e5,2021-02,Q1 2021,1805,60,Dormant,0.655,High,17,16,True,2021-03-09,2025-06-20,226,106.2,495380.64,9.0,35.9
CUST-871e72d1-22c,2021-05,Q2 2021,1714,57,Dormant,0.907,High,11,10,True,2021-06-28,2025-07-11,205,155.8,522981.15,6.0,7.5
CUST-a21f5ee4-b49,2024-04,Q2 2024,666,22,Dormant,0.701,High,23,22,True,2024-07-03,2025-07-07,209,29.0,1078389.85,1.0,34.8
CUST-a5c446ce-a3a,2023-02,Q1 2023,1072,35,At-Risk,0.456,Medium,10,9,True,2023-03-11,2025-10-21,103,107.2,930954.47,3.0,50.8
CUST-7368f80c-0e8,2022-03,Q1 2022,1415,47,At-Risk,0.363,Medium,21,20,True,2022-04-07,2025-11-20,73,67.4,1043235.06,4.0,67.7
CUST-92a97cfe-bf6,2024-03,Q1 2024,684,22,At-Risk,0.475,Medium,1,0,False,2024-04-01,2025-10-08,116,684.0,1976759.1,1.0,52.7
CUST-eabf417b-d65,2023-10,Q4 2023,838,27,Dormant,0.81,High,29,28,True,2023-12-21,2025-04-30,277,28.9,784558.63,7.0,23.3
CUST-55fe3f83-697,2020-07,Q3 2020,2034,67,Churned,1.0,High,5,4,True,2020-09-22,2025-11-03,90,406.8,1537973.61,2.0,0.0
CUST-1ab06b55-b28,2022-02,Q1 2022,1440,48,Dormant,0.635,High,7,6,True,2022-05-03,2025-10-12,112,205.7,508887.45,,37.6
CUST-360a8d5c-e1f,2020-12,Q4 2020,1879,62,Champion,0.1,Low,23,22,True,2021-02-20,2025-11-22,71,81.7,701931.83,,93.7
CUST-daa2c9ed-41a,2021-01,Q1 2021,1851,61,Dormant,0.926,High,19,18,True,2021-02-03,2025-09-19,135,97.4,351300.58,2.0,9.7
CUST-a6d12536-681,2023-07,Q3 2023,945,31,Activated,0.057,Low,19,18,True,2023-07-18,2025-05-13,264,49.7,1906816.25,1.0,90.9
CUST-fa2f5d93-a21,2020-01,Q1 2020,2204,73,Activated,0.141,Low,10,9,True,2020-02-23,2025-05-19,258,220.4,897461.84,3.0,81.4
CUST-bfa30759-a46,2021-11,Q4 2021,1533,51,Dormant,0.798,High,15,14,True,2022-01-03,2025-09-12,142,102.2,694333.08,1.0,24.8
CUST-b1d4f983-28b,2023-12,Q4 2023,793,26,Dormant,0.69,High,5,4,True,2024-01-14,2025-08-07,178,158.6,2393847.34,,31.0
CUST-0c8142db-80c,2021-01,Q1 2021,1839,61,Dormant,0.732,High,8,7,True,2021-01-27,2025-05-04,273,229.9,1622661.47,0.0,31.5
CUST-7a47be44-1f1,2022-09,Q3 2022,1248,41,Activated,0.216,Medium,29,28,True,2022-09-23,2025-11-03,90,43.0,1184407.08,7.0,77.6
CUST-21c270b5-930,2020-06,Q2 2020,2045,68,Activated,0.146,Low,16,15,True,2020-07-15,2025-08-17,168,127.8,1603498.43,2.0,82.3
CUST-fbda80fd-b7d,2020-08,Q3 2020,2007,66,Dormant,0.695,High,22,21,True,2020-08-18,2025-08-01,184,91.2,346934.66,5.0,35.0
CUST-c297073b-4ca,2023-07,Q3 2023,926,30,Activated,0.108,Low,17,16,True,2023-09-26,2025-10-09,115,54.5,349891.12,2.0,92.1
CUST-6624e187-46e,2023-02,Q1 2023,1073,35,Champion,0.057,Low,19,18,True,2023-05-01,2025-12-11,52,56.5,1961785.32,8.0,98.8
CUST-90035eb3-282,2020-09,Q3 2020,1963,65,Champion,0.06,Low,13,12,True,2020-12-13,2025-11-10,83,151.0,323565.03,3.0,93.0
CUST-c5519d10-f21,2023-05,Q2 2023,991,33,Dormant,0.688,High,1,0,False,2023-07-24,2025-10-10,114,991.0,1139626.11,10.0,28.4
CUST-402fdf75-7d2,2024-03,Q1 2024,694,23,At-Risk,0.338,Medium,10,9,True,2024-03-24,2025-09-29,125,69.4,963115.37,9.0,69.2
CUST-f0d68f15-33d,2022-02,Q1 2022,1452,48,Dormant,0.71,High,20,19,True,2022-02-12,2025-05-31,246,72.6,559838.93,9.0,25.8
CUST-21d27249-010,2023-01,Q1 2023,1101,36,Activated,0.234,Medium,25,24,True,2023-04-16,2025-07-24,192,44.0,1582935.1,3.0,74.9
CUST-e64f9164-c70,2022-03,Q1 2022,1417,47,Dormant,0.897,High,17,16,True,2022-06-12,2025-04-30,277,83.4,1724324.76,10.0,12.2
CUST-54a0a09f-c8a,2021-03,Q1 2021,1794,59,Dormant,0.926,High,24,23,True,2021-05-02,2025-06-19,227,74.8,1454563.28,6.0,10.2
CUST-56b8cf3c-01f,2022-08,Q3 2022,1253,41,Dormant,0.843,High,19,18,True,2022-11-18,2025-07-02,214,65.9,1469725.05,4.0,19.8
CUST-0228a715-182,2023-05,Q2 2023,1003,33,Activated,0.055,Low,23,22,True,2023-07-26,2025-12-14,49,43.6,454523.81,6.0,92.8
CUST-b030545e-9ee,2023-08,Q3 2023,910,30,At-Risk,0.598,High,14,13,True,2023-08-09,2025-10-12,112,65.0,327501.13,5.0,40.3
CUST-3c376951-8ef,2020-05,Q2 2020,2093,69,Activated,0.152,Low,4,3,True,2020-05-20,2025-10-30,94,523.2,556292.33,6.0,81.5
CUST-e661ac59-e21,2024-03,Q1 2024,681,22,Activated,0.068,Low,20,19,True,2024-05-27,2025-06-21,225,34.0,1714505.47,5.0,94.1
CUST-c9885b12-c05,2023-02,Q1 2023,1072,35,Activated,0.247,Medium,8,7,True,2023-04-24,2025-06-25,221,134.0,1030766.27,6.0,75.4
CUST-bcd94da9-aa0,2022-11,Q4 2022,1160,38,Activated,0.188,Low,11,10,True,2023-01-13,2026-01-03,29,105.5,418013.14,7.0,78.0
CUST-fb9146fa-aa8,2020-07,Q3 2020,2021,67,At-Risk,0.468,Medium,22,21,True,2020-10-05,2025-10-21,103,91.9,1102742.88,4.0,56.0
CUST-2aa34a30-2db,2020-06,Q2 2020,2071,69,Dormant,0.639,High,16,15,True,2020-06-05,2025-10-08,116,129.4,577644.34,6.0,37.4
CUST-d3ebb857-e9c,2021-07,Q3 2021,1672,55,At-Risk,0.59,High,13,12,True,2021-09-03,2025-10-14,110,128.6,1449694.94,7.0,37.3
CUST-7be31018-d1b,2021-07,Q3 2021,1670,55,Churned,1.0,High,3,2,True,2021-07-17,2025-05-18,259,556.7,966720.42,9.0,0.9
CUST-29f8bf15-7d6,2022-02,Q1 2022,1451,48,Dormant,0.768,High,6,5,True,2022-03-20,2025-06-22,224,241.8,1558492.69,9.0,19.4
CUST-a28074bb-b58,2020-07,Q3 2020,2021,67,Champion,0.035,Low,26,25,True,2020-08-24,2025-12-18,45,77.7,1437685.87,6.0,96.6
CUST-19ae1001-e25,2023-09,Q3 2023,877,29,Dormant,0.636,High,7,6,True,2023-10-17,2025-05-16,261,125.3,23833.64,7.0,40.8
CUST-189062a7-4e5,2021-07,Q3 2021,1659,55,Champion,0.041,Low,23,22,True,2021-09-27,2025-12-28,35,72.1,770809.48,6.0,91.8
CUST-605656b8-4c3,2020-12,Q4 2020,1885,62,Dormant,0.837,High,21,20,True,2021-02-26,2025-09-26,128,89.8,162275.7,5.0,18.5
CUST-fc62779a-9d8,2022-04,Q2 2022,1393,46,Dormant,0.924,High,24,23,True,2022-06-27,2025-06-04,242,58.0,1802918.71,3.0,9.7
CUST-44c25e91-de9,2020-03,Q1 2020,2137,71,Churned,1.0,High,1,0,False,2020-05-31,2025-09-04,150,2137.0,1891976.99,7.0,0.0
CUST-c251573f-bce,2020-08,Q3 2020,1992,66,Dormant,0.815,High,24,23,True,2020-10-13,2025-07-26,190,83.0,1054228.45,6.0,14.5
CUST-fb129323-cd6,2022-03,Q1 2022,1417,47,Activated,0.214,Medium,3,2,True,2022-04-25,2025-06-22,224,472.3,601916.18,1.0,81.2
CUST-ac07d899-50a,2020-01,Q1 2020,2213,73,Activated,0.214,Medium,13,12,True,2020-02-28,2025-07-14,202,170.2,943796.47,9.0,75.2
CUST-93913795-8c9,2022-09,Q3 2022,1225,40,Activated,0.162,Low,13,12,True,2022-10-13,2025-04-13,294,94.2,1248475.56,,85.6
CUST-fcd4c8fe-d9a,2023-09,Q3 2023,879,29,Champion,0.096,Low,11,10,True,2023-09-11,2025-11-16,77,79.9,1890153.17,6.0,89.1
CUST-ebe541ed-b72,2020-03,Q1 2020,2159,71,Dormant,0.736,High,25,24,True,2020-04-15,2025-06-10,236,86.4,236364.77,6.0,28.9
CUST-ae2bd571-856,2024-02,Q1 2024,704,23,Churned,1.0,High,3,2,True,2024-05-09,2025-11-06,87,234.7,2048488.02,7.0,3.0
CUST-9c9abb14-e51,2022-05,Q2 2022,1344,44,Dormant,0.612,High,22,21,True,2022-07-08,2025-09-19,135,61.1,395668.62,,36.3
CUST-ef0b44de-508,2021-06,Q2 2021,1684,56,At-Risk,0.407,Medium,18,17,True,2021-08-28,2025-11-20,73,93.6,451381.66,,62.4
CUST-a2f72411-d5e,2021-01,Q1 2021,1830,61,Champion,0.1,Low,25,24,True,2021-03-07,2025-12-31,32,73.2,310401.02,4.0,93.3
CUST-908293f4-be0,2020-05,Q2 2020,2098,69,Dormant,0.863,High,26,25,True,2020-07-17,2025-10-02,122,80.7,396522.5,5.0,15.1
CUST-cf18da3a-313,2023-09,Q3 2023,871,29,At-Risk,0.505,High,28,27,True,2023-10-31,2025-11-01,92,31.1,95297.29,8.0,49.7
CUST-64f735c2-3c1,2023-10,Q4 2023,825,27,Dormant,0.75,High,25,24,True,2024-01-26,2025-09-20,134,33.0,824931.41,6.0,26.8
CUST-0a868d2a-e40,2020-09,Q3 2020,1956,65,At-Risk,0.497,Medium,15,14,True,2020-11-14,2025-10-19,105,130.4,1233950.51,1.0,49.9
CUST-bfa7760d-b96,2024-01,Q1 2024,747,24,Dormant,0.78,High,3,2,True,2024-01-25,2025-06-18,228,249.0,1194169.1,6.0,25.1
CUST-afc474a1-bd6,2022-10,Q4 2022,1192,39,Champion,0.019,Low,4,3,True,2022-12-10,2025-11-16,77,298.0,1072956.6,8.0,94.5
CUST-0d60e632-1a6,2020-12,Q4 2020,1885,62,Dormant,0.756,High,1,0,False,2021-01-22,2025-09-06,148,1885.0,1064593.42,1.0,27.7
CUST-55fc7f57-59e,2022-11,Q4 2022,1173,39,Dormant,0.676,High,17,16,True,2022-11-28,2025-08-25,160,69.0,1529389.61,1.0,30.0
CUST-96d6e802-c4f,2020-03,Q1 2020,2143,71,At-Risk,0.473,Medium,5,4,True,2020-05-16,2025-10-26,98,428.6,610165.27,0.0,51.0
CUST-50e3c112-6e8,2022-01,Q1 2022,1468,48,Dormant,0.669,High,3,2,True,2022-04-22,2025-08-02,183,489.3,1409761.28,2.0,31.8
CUST-892d4f1f-93a,2021-07,Q3 2021,1651,55,Dormant,0.692,High,10,9,True,2021-08-20,2025-05-19,258,165.1,29942.38,5.0,34.0
CUST-8bab851b-eb7,2024-03,Q1 2024,682,22,Dormant,0.787,High,23,22,True,2024-06-18,2025-09-03,151,29.7,605053.27,9.0,25.4
CUST-fd80d87d-486,2022-10,Q4 2022,1219,40,Champion,0.093,Low,8,7,True,2022-12-15,2026-01-23,9,152.4,332110.1,3.0,88.3
CUST-07c85a9e-26b,2023-08,Q3 2023,902,30,Dormant,0.784,High,17,16,True,2023-10-21,2025-08-01,184,53.1,133632.76,7.0,24.2
CUST-e4319f5f-158,2020-09,Q3 2020,1953,65,Dormant,0.887,High,26,25,True,2020-11-23,2025-06-04,242,75.1,42992.01,2.0,13.4
CUST-caacfc5e-9aa,2022-06,Q2 2022,1314,43,Champion,0.098,Low,16,15,True,2022-09-05,2025-12-03,60,82.1,312428.38,8.0,87.1
CUST-9b51c8d0-d71,2022-04,Q2 2022,1373,45,Dormant,0.872,High,30,29,True,2022-07-09,2025-06-16,230,45.8,785224.35,10.0,12.3
CUST-e6972ab5-a4f,2024-01,Q1 2024,759,25,Champion,0.095,Low,1,0,False,2024-01-06,2025-11-03,90,759.0,1837819.99,8.0,95.2
CUST-f2b46941-722,2023-05,Q2 2023,985,32,Activated,0.207,Medium,26,25,True,2023-08-01,2025-06-20,226,37.9,2193709.41,3.0,79.7
CUST-4df3a7c1-edf,2021-06,Q2 2021,1680,56,Champion,0.03,Low,6,5,True,2021-09-17,2025-12-25,38,280.0,261986.97,6.0,93.1
CUST-61ba41f9-4f4,2020-08,Q3 2020,1992,66,Activated,0.246,Medium,3,2,True,2020-08-31,2025-10-26,98,664.0,2152514.48,0.0,79.1
CUST-0fbf53d7-14e,2023-07,Q3 2023,920,30,Dormant,0.864,High,16,15,True,2023-08-08,2025-06-28,218,57.5,1266610.38,4.0,11.3
CUST-252dc5e3-e80,2023-03,Q1 2023,1040,34,At-Risk,0.447,Medium,9,8,True,2023-05-06,2025-11-18,75,115.6,170380.73,2.0,54.1
CUST-196ea758-17f,2021-12,Q4 2021,1508,50,Churned,1.0,High,5,4,True,2022-02-07,2025-07-15,201,301.6,331823.44,8.0,0.0
CUST-d6bf634f-b47,2023-11,Q4 2023,799,26,At-Risk,0.424,Medium,23,22,True,2024-02-06,2025-10-03,121,34.7,587359.26,8.0,59.5
CUST-98d7b5dc-542,2021-05,Q2 2021,1722,57,Dormant,0.932,High,15,14,True,2021-07-23,2025-04-21,286,114.8,58529.92,2.0,3.9
CUST-6f4d2791-0ce,2020-11,Q4 2020,1904,63,Dormant,0.689,High,18,17,True,2020-12-22,2025-04-24,283,105.8,1484898.55,6.0,34.6
CUST-bfd48af8-2b5,2022-10,Q4 2022,1196,39,Activated,0.19,Low,20,19,True,2022-12-08,2025-06-30,216,59.8,1315951.97,2.0,85.2
CUST-4fb61a56-1f4,2024-03,Q1 2024,696,23,Dormant,0.754,High,21,20,True,2024-04-28,2025-10-17,107,33.1,1634831.93,5.0,28.1
CUST-a9b7852b-4bc,2020-08,Q3 2020,2001,66,Churned,1.0,High,5,4,True,2020-09-28,2025-05-19,258,400.2,1043439.66,6.0,1.1
CUST-1ff4beb5-49d,2021-09,Q3 2021,1590,53,Dormant,0.683,High,26,25,True,2021-11-18,2025-06-29,217,61.2,405671.93,9.0,34.6
CUST-24ccc710-f8f,2021-12,Q4 2021,1493,49,At-Risk,0.413,Medium,19,18,True,2022-03-25,2025-11-04,89,78.6,210365.08,0.0,54.8
CUST-ec41e7c9-3e1,2024-05,Q2 2024,636,21,Dormant,0.656,High,15,14,True,2024-07-18,2025-07-06,210,42.4,1746823.47,1.0,34.5
CUST-e5311600-445,2023-09,Q3 2023,884,29,Dormant,0.799,High,1,0,False,2023-11-07,2025-06-29,217,884.0,2008210.19,2.0,24.5
CUST-9c839185-979,2023-12,Q4 2023,764,25,At-Risk,0.323,Medium,30,29,True,2024-01-15,2025-11-28,65,25.5,2316651.99,6.0,67.1
CUST-8b2d7133-030,2024-05,Q2 2024,623,20,Churned,1.0,High,2,1,True,2024-06-07,2025-11-21,72,311.5,1832322.5,3.0,1.1
CUST-5404d270-36e,2021-06,Q2 2021,1695,56,Dormant,0.781,High,4,3,True,2021-07-08,2025-08-11,174,423.8,202072.31,8.0,23.1
CUST-fbc02cd9-033,2020-09,Q3 2020,1959,65,Activated,0.135,Low,29,28,True,2020-10-24,2025-08-09,176,67.6,1038142.86,,90.3
CUST-186a8ac0-f92,2021-05,Q2 2021,1722,57,At-Risk,0.34,Medium,28,27,True,2021-05-21,2025-10-29,95,61.5,2675772.87,6.0,61.2
CUST-363bac99-c50,2022-08,Q3 2022,1269,42,Dormant,0.881,High,3,2,True,2022-09-19,2025-08-11,174,423.0,1594376.72,2.0,14.6
CUST-26b4deb4-6bf,2023-12,Q4 2023,785,26,Churned,1.0,High,5,4,True,2024-02-19,2025-10-31,93,157.0,683293.75,8.0,0.0
CUST-b6d34722-2d2,2020-05,Q2 2020,2096,69,Champion,0.051,Low,25,24,True,2020-06-16,2026-01-01,31,83.8,1103046.64,1.0,97.8
CUST-7250eea4-ac6,2022-04,Q2 2022,1394,46,Dormant,0.633,High,7,6,True,2022-07-08,2025-04-30,277,199.1,329811.67,4.0,38.1
CUST-61ec52ae-e77,2021-08,Q3 2021,1615,53,Dormant,0.683,High,21,20,True,2021-10-25,2025-07-10,206,76.9,1556843.55,9.0,28.1
CUST-b8f416fa-17c,2024-01,Q1 2024,743,24,At-Risk,0.629,High,12,11,True,2024-04-09,2025-11-12,81,61.9,1435095.88,2.0,36.1
CUST-71bfa6f3-6fb,2024-01,Q1 2024,744,24,Dormant,0.785,High,5,4,True,2024-04-05,2025-04-23,284,148.8,1877272.23,3.0,19.1
CUST-1c030213-4e9,2021-03,Q1 2021,1781,59,Activated,0.121,Low,20,19,True,2021-04-13,2025-08-15,170,89.0,1899624.35,7.0,89.3
CUST-148193ef-27c,2022-04,Q2 2022,1376,45,Dormant,0.658,High,18,17,True,2022-05-13,2025-07-18,198,76.4,1900528.62,9.0,33.3
CUST-42b302a7-adc,2021-08,Q3 2021,1640,54,Champion,0.044,Low,25,24,True,2021-10-21,2025-12-02,61,65.6,1580184.18,8.0,99.2
CUST-313b9f47-376,2024-03,Q1 2024,688,22,Churned,1.0,High,3,2,True,2024-05-06,2025-11-12,81,229.3,32874.48,4.0,0.0
CUST-3dfae9e6-911,2021-02,Q1 2021,1823,60,Churned,1.0,High,4,3,True,2021-02-05,2026-01-01,31,455.8,1772237.31,3.0,0.4
CUST-cb2bec17-f14,2022-04,Q2 2022,1374,45,At-Risk,0.513,High,15,14,True,2022-07-03,2025-10-09,115,91.6,1188231.87,8.0,50.3
CUST-9b4bd5cb-c15,2022-03,Q1 2022,1422,47,Dormant,0.856,High,1,0,False,2022-04-27,2025-07-17,199,1422.0,1441194.06,4.0,14.0
CUST-b3d15d6d-9a9,2022-06,Q2 2022,1328,44,Churned,1.0,High,3,2,True,2022-07-09,2025-06-10,236,442.7,788183.28,5.0,5.0
CUST-d4de3018-783,2022-06,Q2 2022,1328,44,Dormant,0.926,High,23,22,True,2022-08-04,2025-05-13,264,57.7,533207.88,10.0,7.0
CUST-d1e9985c-ec9,2021-01,Q1 2021,1841,61,Churned,1.0,High,1,0,False,2021-03-31,2025-06-14,232,1841.0,1126177.35,0.0,1.1
CUST-dbdbd1bc-994,2023-07,Q3 2023,916,30,Churned,1.0,High,3,2,True,2023-09-27,2025-09-17,137,305.3,233523.6,,4.6
CUST-d82eb551-86e,2021-03,Q1 2021,1798,59,Activated,0.192,Low,17,16,True,2021-04-17,2025-07-22,194,105.8,874620.82,5.0,77.5
CUST-fec9b2d9-c48,2020-01,Q1 2020,2203,73,Champion,0.097,Low,5,4,True,2020-02-23,2025-12-26,37,440.6,1167600.46,5.0,91.7
CUST-9c37c04e-819,2021-01,Q1 2021,1829,60,At-Risk,0.645,High,16,15,True,2021-02-23,2025-09-28,126,114.3,1376188.51,6.0,31.9
CUST-26902db8-7ab,2020-09,Q3 2020,1964,65,Dormant,0.846,High,20,19,True,2020-10-28,2025-07-15,201,98.2,247499.73,2.0,14.7
CUST-ad6b5cd6-4ce,2021-02,Q1 2021,1818,60,At-Risk,0.421,Medium,25,24,True,2021-03-06,2025-10-14,110,72.7,2581110.71,2.0,60.6
CUST-a9edc757-6af,2021-07,Q3 2021,1667,55,Champion,0.079,Low,4,3,True,2021-07-11,2025-12-06,57,416.8,1657335.17,2.0,95.9
CUST-834738ec-b33,2022-04,Q2 2022,1384,46,Dormant,0.865,High,29,28,True,2022-05-29,2025-07-19,197,47.7,2003354.4,0.0,16.5
CUST-c7162a09-6ff,2022-01,Q1 2022,1462,48,Churned,1.0,High,1,0,False,2022-03-11,2025-06-23,223,1462.0,639575.47,4.0,4.4
CUST-4de273be-049,2023-05,Q2 2023,991,33,Dormant,0.714,High,13,12,True,2023-05-29,2025-06-07,239,76.2,571251.44,7.0,30.3
CUST-e30880b8-4d2,2022-10,Q4 2022,1212,40,Dormant,0.764,High,17,16,True,2022-11-30,2025-08-12,173,71.3,735959.6,4.0,27.4
CUST-518036af-7f6,2023-03,Q1 2023,1044,34,Dormant,0.842,High,9,8,True,2023-06-01,2025-04-05,302,116.0,706955.95,3.0,11.8
CUST-0d3632ae-f9b,2021-07,Q3 2021,1661,55,Activated,0.203,Medium,28,27,True,2021-07-28,2025-07-21,195,59.3,792260.28,5.0,84.0
CUST-e370c53b-13c,2023-06,Q2 2023,958,31,Dormant,0.824,High,4,3,True,2023-06-25,2025-05-18,259,239.5,2249363.34,8.0,22.5
CUST-c3531c04-b71,2023-01,Q1 2023,1123,37,Dormant,0.739,High,22,21,True,2023-03-19,2025-05-17,260,51.0,496056.91,0.0,31.0
CUST-9f9e8472-654,2020-10,Q4 2020,1941,64,Activated,0.18,Low,13,12,True,2020-12-11,2025-09-01,153,149.3,2248570.75,1.0,77.9
CUST-900e6221-204,2022-09,Q3 2022,1220,40,Dormant,0.822,High,1,0,False,2022-10-29,2025-06-18,228,1220.0,1050897.65,7.0,19.1
CUST-5f6cff2c-668,2023-11,Q4 2023,800,26,Dormant,0.903,High,2,1,True,2023-12-29,2025-06-11,235,400.0,1438497.09,10.0,6.9
CUST-a8a3d99e-bae,2021-10,Q4 2021,1582,52,At-Risk,0.569,High,7,6,True,2021-10-11,2025-10-14,110,226.0,2116872.08,8.0,38.6
CUST-c84b0e73-9c3,2024-05,Q2 2024,626,20,Activated,0.193,Low,16,15,True,2024-07-09,2025-08-21,164,39.1,1166208.08,9.0,80.5
CUST-da8f3c3c-31c,2020-02,Q1 2020,2165,72,Dormant,0.639,High,28,27,True,2020-05-25,2025-09-01,153,77.3,416816.41,6.0,37.0
CUST-7fafbaff-fb8,2020-04,Q2 2020,2115,70,Churned,1.0,High,5,4,True,2020-05-20,2025-07-30,186,423.0,726522.02,5.0,0.0
CUST-641aaea9-1ee,2020-08,Q3 2020,2000,66,At-Risk,0.544,High,14,13,True,2020-11-08,2025-10-19,105,142.9,1436974.44,1.0,42.7
CUST-a3b7a647-86d,2023-12,Q4 2023,791,26,At-Risk,0.306,Medium,20,19,True,2024-02-03,2025-11-27,66,39.5,270667.9,9.0,65.1
CUST-a72f2004-490,2020-01,Q1 2020,2217,73,Dormant,0.82,High,14,13,True,2020-01-27,2025-06-14,232,158.4,726059.05,1.0,22.7
CUST-7b81f205-2da,2020-01,Q1 2020,2197,73,At-Risk,0.336,Medium,28,27,True,2020-02-08,2025-10-14,110,78.5,612729.39,3.0,69.5
CUST-82f17a5b-25a,2020-04,Q2 2020,2131,71,Champion,0.026,Low,12,11,True,2020-05-15,2025-12-11,52,177.6,8003.47,10.0,95.9
CUST-47e97e68-aef,2024-02,Q1 2024,719,23,Dormant,0.904,High,30,29,True,2024-03-25,2025-07-19,197,24.0,2025981.09,,4.7
CUST-8604bf54-2b4,2023-05,Q2 2023,1003,33,Activated,0.167,Low,15,14,True,2023-05-11,2025-08-13,172,66.9,988025.78,0.0,85.4
CUST-22536f2e-d6a,2024-03,Q1 2024,699,23,Dormant,0.738,High,5,4,True,2024-04-05,2025-04-30,277,139.8,1581752.83,2.0,29.4
CUST-a8d949d1-7b5,2021-07,Q3 2021,1658,55,Dormant,0.672,High,17,16,True,2021-08-26,2025-07-11,205,97.5,860009.13,3.0,30.3
CUST-177d4808-f1d,2022-10,Q4 2022,1202,40,Champion,0.072,Low,22,21,True,2022-11-20,2025-12-05,58,54.6,881780.68,5.0,94.3
CUST-6fe23896-d10,2021-03,Q1 2021,1778,59,Churned,1.0,High,4,3,True,2021-05-14,2025-08-07,178,444.5,1930269.48,3.0,1.8
CUST-7cd830a1-d9e,2022-10,Q4 2022,1195,39,At-Risk,0.312,Medium,1,0,False,2023-01-10,2025-09-20,134,1195.0,341741.0,5.0,67.9
CUST-f673977c-ead,2021-05,Q2 2021,1714,57,Activated,0.199,Low,12,11,True,2021-08-08,2025-12-19,44,142.8,607696.41,6.0,77.6
CUST-691ce7aa-a1a,2024-04,Q2 2024,651,21,Churned,1.0,High,2,1,True,2024-06-03,2025-05-24,253,325.5,799981.2,2.0,3.5
CUST-ba8d7fd7-cbb,2022-12,Q4 2022,1145,38,Dormant,0.83,High,16,15,True,2023-03-04,2025-07-27,189,71.6,490191.26,0.0,19.7
CUST-52650a91-249,2022-05,Q2 2022,1361,45,Churned,1.0,High,5,4,True,2022-07-26,2025-05-11,266,272.2,1858457.22,0.0,1.4
CUST-ade758e7-fbf,2020-09,Q3 2020,1966,65,Dormant,0.732,High,19,18,True,2020-09-25,2025-09-10,144,103.5,719826.66,10.0,27.0
CUST-4d27bd11-4cb,2023-03,Q1 2023,1065,35,Churned,1.0,High,1,0,False,2023-05-14,2025-08-17,168,1065.0,895844.14,2.0,4.5
CUST-5eb4b032-8f5,2020-11,Q4 2020,1907,63,Churned,1.0,High,4,3,True,2021-01-23,2025-07-14,202,476.8,494118.43,1.0,0.0
CUST-b0343217-34f,2021-02,Q1 2021,1805,60,Churned,1.0,High,1,0,False,2021-05-11,2025-04-29,278,1805.0,2254007.24,0.0,4.4
CUST-f0b06466-3ec,2023-06,Q2 2023,969,32,At-Risk,0.397,Medium,22,21,True,2023-09-05,2025-10-25,99,44.0,2188599.17,10.0,62.2
CUST-da14a00f-c5c,2021-02,Q1 2021,1813,60,Dormant,0.831,High,10,9,True,2021-04-19,2025-09-22,132,181.3,306182.94,9.0,13.1
CUST-a167e706-e06,2021-08,Q3 2021,1643,54,Dormant,0.743,High,27,26,True,2021-09-18,2025-09-13,141,60.9,1219284.87,9.0,24.3
CUST-8d186e37-72a,2020-11,Q4 2020,1899,63,Dormant,0.792,High,26,25,True,2021-02-09,2025-08-20,165,73.0,1209154.1,10.0,21.8
CUST-09a51ccf-570,2024-05,Q2 2024,612,20,Dormant,0.654,High,6,5,True,2024-08-24,2025-06-19,227,102.0,1569161.02,7.0,33.6
CUST-f1677dc2-63f,2022-12,Q4 2022,1147,38,Dormant,0.629,High,10,9,True,2023-01-12,2025-08-02,183,114.7,1448464.89,5.0,38.2
CUST-c37571f3-bc7,2020-08,Q3 2020,2006,66,Dormant,0.751,High,28,27,True,2020-08-06,2025-08-31,154,71.6,1911828.15,1.0,27.2
CUST-7753bde9-830,2021-05,Q2 2021,1711,57,Activated,0.099,Low,14,13,True,2021-05-31,2025-05-10,267,122.2,685437.5,8.0,92.6
CUST-5b008db6-3a5,2023-03,Q1 2023,1048,34,Dormant,0.624,High,27,26,True,2023-05-19,2025-10-21,103,38.8,1029587.68,3.0,40.3
CUST-8eeb9582-87b,2020-02,Q1 2020,2174,72,At-Risk,0.6,High,19,18,True,2020-05-06,2025-10-07,117,114.4,1813324.15,5.0,43.6
CUST-f8b1e729-dc1,2024-01,Q1 2024,732,24,Activated,0.185,Low,5,4,True,2024-03-12,2025-10-26,98,146.4,774294.12,9.0,81.5
CUST-07b21692-838,2022-02,Q1 2022,1453,48,Champion,0.047,Low,10,9,True,2022-04-16,2025-12-29,34,145.3,1966405.17,10.0,93.0
CUST-1338f3a3-8d1,2021-08,Q3 2021,1630,54,Champion,0.018,Low,6,5,True,2021-10-20,2025-12-03,60,271.7,1200730.29,0.0,100.0
CUST-55ddeb1f-3af,2023-06,Q2 2023,957,31,Dormant,0.732,High,1,0,False,2023-07-07,2025-06-11,235,957.0,2098137.76,3.0,26.8
CUST-f25c12c9-8d9,2023-01,Q1 2023,1103,36,Champion,0.027,Low,19,18,True,2023-03-16,2025-12-22,41,58.1,810763.89,9.0,95.4
CUST-a496e0e2-938,2023-02,Q1 2023,1094,36,Dormant,0.775,High,21,20,True,2023-02-07,2025-10-01,123,52.1,1677018.52,9.0,26.1
CUST-0b9e8c23-fc9,2020-04,Q2 2020,2110,70,Activated,0.246,Medium,5,4,True,2020-06-13,2025-04-08,299,422.0,1524602.14,1.0,79.9
CUST-5c3c92e1-890,2020-08,Q3 2020,1987,66,Dormant,0.939,High,13,12,True,2020-08-29,2025-08-11,174,152.8,1101190.15,8.0,2.5
CUST-86670354-620,2024-03,Q1 2024,682,22,Loyal,0.092,Low,11,10,True,2024-03-29,2025-12-15,48,62.0,1643863.22,2.0,92.0
CUST-4de54c0b-ff6,2021-12,Q4 2021,1507,50,Dormant,0.679,High,16,15,True,2022-03-13,2025-09-07,147,94.2,1152194.73,10.0,28.3
CUST-e7676df9-da9,2023-12,Q4 2023,779,25,Churned,1.0,High,2,1,True,2024-02-13,2025-11-27,66,389.5,583152.92,8.0,0.0
CUST-8be48cfc-d73,2022-04,Q2 2022,1382,46,At-Risk,0.49,Medium,8,7,True,2022-05-03,2025-10-30,94,172.8,1199590.8,0.0,51.8
CUST-93eeb27a-e87,2021-04,Q2 2021,1742,58,Activated,0.129,Low,22,21,True,2021-05-10,2025-11-23,70,79.2,1335430.45,0.0,83.9
CUST-53c5f7f3-7f0,2023-06,Q2 2023,975,32,Dormant,0.612,High,19,18,True,2023-08-05,2025-08-17,168,51.3,2461645.43,6.0,36.9
CUST-4127b57d-f71,2021-12,Q4 2021,1511,50,Champion,0.021,Low,7,6,True,2022-01-27,2025-12-22,41,215.9,1434236.0,9.0,100.0
CUST-77d4dd95-2c4,2024-03,Q1 2024,683,22,Dormant,0.817,High,19,18,True,2024-04-25,2025-06-02,244,35.9,1443167.44,0.0,22.2
CUST-09120f89-904,2021-05,Q2 2021,1736,57,Dormant,0.883,High,28,27,True,2021-06-23,2025-06-04,242,62.0,515932.52,9.0,13.8
CUST-c5aa1c34-c6d,2023-08,Q3 2023,886,29,Activated,0.19,Low,2,1,True,2023-10-08,2025-11-10,83,443.0,722859.28,1.0,81.9
CUST-85c12104-f37,2023-02,Q1 2023,1084,36,Dormant,0.944,High,5,4,True,2023-03-02,2025-06-04,242,216.8,1307065.74,3.0,4.8
CUST-25053634-a20,2022-10,Q4 2022,1210,40,Dormant,0.679,High,29,28,True,2022-10-12,2025-06-25,221,41.7,1599033.36,5.0,33.6
CUST-e7e6619f-22a,2020-05,Q2 2020,2099,69,Champion,0.029,Low,13,12,True,2020-07-01,2026-01-06,26,161.5,856083.36,2.0,96.2
CUST-1634b138-bd6,2021-04,Q2 2021,1738,57,Dormant,0.945,High,7,6,True,2021-06-25,2025-06-20,226,248.3,1296245.98,7.0,6.1
CUST-c9395ef1-fdf,2022-02,Q1 2022,1456,48,Dormant,0.912,High,3,2,True,2022-02-11,2025-09-09,145,485.3,736011.14,7.0,12.9
CUST-aa075e9f-6ea,2024-05,Q2 2024,624,20,Activated,0.167,Low,25,24,True,2024-07-09,2025-12-03,60,25.0,1338305.75,6.0,80.5
CUST-3c4c9a44-c61,2023-03,Q1 2023,1047,34,At-Risk,0.533,High,16,15,True,2023-05-24,2025-10-27,97,65.4,2246210.62,5.0,41.9
CUST-11dfc352-a9f,2021-05,Q2 2021,1724,57,Dormant,0.844,High,29,28,True,2021-06-07,2025-08-20,165,59.4,671616.83,8.0,18.2
CUST-1567b895-2af,2020-06,Q2 2020,2067,68,Champion,0.081,Low,22,21,True,2020-08-10,2025-11-23,70,94.0,969271.73,9.0,93.5
CUST-cf68fb35-9d9,2020-10,Q4 2020,1941,64,At-Risk,0.464,Medium,29,28,True,2020-12-27,2025-11-02,91,66.9,2114435.52,7.0,48.6
CUST-c96885cf-6e2,2022-07,Q3 2022,1294,43,Dormant,0.712,High,1,0,False,2022-08-29,2025-05-29,248,1294.0,1166205.83,9.0,26.7
CUST-a3d72718-c03,2022-12,Q4 2022,1139,37,Champion,0.099,Low,21,20,True,2022-12-27,2025-12-27,36,54.2,355873.13,1.0,91.2
CUST-b76b8d11-aba,2024-01,Q1 2024,744,24,Dormant,0.903,High,30,29,True,2024-03-04,2025-05-16,261,24.8,946811.47,7.0,14.2
CUST-5b0e782b-bde,2022-11,Q4 2022,1180,39,Dormant,0.846,High,25,24,True,2022-11-29,2025-06-08,238,47.2,1971742.77,10.0,14.2
CUST-e0229c94-a4e,2020-07,Q3 2020,2025,67,Dormant,0.909,High,10,9,True,2020-08-13,2025-07-08,208,202.5,1177887.41,4.0,7.6
CUST-628fb745-c4a,2024-02,Q1 2024,719,23,Loyal,0.056,Low,24,23,True,2024-02-22,2025-11-13,80,30.0,2359104.7,,95.5
CUST-a083e7a6-001,2021-04,Q2 2021,1765,58,Activated,0.118,Low,12,11,True,2021-04-07,2025-11-30,63,147.1,241074.96,9.0,92.9
CUST-635be9b4-343,2023-01,Q1 2023,1118,37,Dormant,0.772,High,20,19,True,2023-01-27,2025-10-11,113,55.9,429741.64,6.0,19.2
CUST-62590212-825,2020-09,Q3 2020,1978,65,Dormant,0.687,High,3,2,True,2020-10-25,2025-09-04,150,659.3,734356.17,4.0,26.7
CUST-2f1feacb-fda,2022-11,Q4 2022,1185,39,Activated,0.072,Low,3,2,True,2022-12-01,2025-08-15,170,395.0,602930.66,9.0,92.6
CUST-7cce3624-d1d,2023-02,Q1 2023,1080,36,At-Risk,0.626,High,30,29,True,2023-03-29,2025-10-25,99,36.0,1935944.29,0.0,34.2
CUST-e54fcbf1-9b6,2024-02,Q1 2024,721,24,Dormant,0.649,High,26,25,True,2024-03-14,2025-09-18,136,27.7,878194.82,4.0,32.3
CUST-a1d2fddc-227,2021-06,Q2 2021,1685,56,At-Risk,0.48,Medium,13,12,True,2021-09-14,2025-10-11,113,129.6,1677161.95,7.0,53.8
CUST-aa72d9c7-396,2022-01,Q1 2022,1492,49,Dormant,0.906,High,24,23,True,2022-03-15,2025-09-25,129,62.2,959619.84,8.0,10.1
CUST-280f71dc-0bc,2021-10,Q4 2021,1570,52,At-Risk,0.402,Medium,6,5,True,2021-12-31,2025-10-09,115,261.7,962087.28,8.0,63.0
CUST-49e45577-c8a,2024-05,Q2 2024,620,20,Dormant,0.802,High,26,25,True,2024-06-12,2025-08-23,162,23.8,756122.25,10.0,17.0
CUST-a03c0b4f-910,2021-11,Q4 2021,1528,50,At-Risk,0.473,Medium,18,17,True,2022-02-10,2025-10-10,114,84.9,136388.96,3.0,55.1
CUST-9ad890f0-444,2023-05,Q2 2023,985,32,Dormant,0.878,High,3,2,True,2023-07-16,2025-09-01,153,328.3,1743346.81,,14.8
CUST-c9046edf-6af,2020-11,Q4 2020,1902,63,Champion,0.023,Low,7,6,True,2021-01-02,2025-12-02,61,271.7,475461.03,7.0,97.2
CUST-5a71365a-603,2020-02,Q1 2020,2182,72,At-Risk,0.452,Medium,26,25,True,2020-04-30,2025-12-11,52,83.9,1537239.37,5.0,50.3
CUST-b65fdd0b-f57,2024-03,Q1 2024,688,22,Activated,0.215,Medium,26,25,True,2024-04-21,2025-06-17,229,26.5,1524914.19,7.0,79.5
CUST-dbf007a6-50d,2023-01,Q1 2023,1114,37,Dormant,0.641,High,30,29,True,2023-03-21,2025-10-18,106,37.1,1394022.19,5.0,38.5
CUST-2da4339f-752,2023-09,Q3 2023,880,29,Activated,0.194,Low,7,6,True,2023-09-14,2025-08-30,155,125.7,706321.86,0.0,84.5
CUST-c747ac4b-365,2024-01,Q1 2024,733,24,Dormant,0.947,High,13,12,True,2024-04-28,2025-07-14,202,56.4,504857.93,3.0,1.8
CUST-7a0fa067-748,2023-07,Q3 2023,933,31,Activated,0.188,Low,3,2,True,2023-07-27,2025-06-07,239,311.0,224263.57,0.0,79.6
CUST-d0ed37d5-850,2020-04,Q2 2020,2103,70,At-Risk,0.307,Medium,27,26,True,2020-06-17,2025-10-29,95,77.9,1603036.2,2.0,67.7
CUST-247cbfb3-bd1,2023-02,Q1 2023,1072,35,Champion,0.01,Low,6,5,True,2023-03-31,2025-11-10,83,178.7,18424.89,2.0,100.0
CUST-92398674-025,2024-03,Q1 2024,691,23,Dormant,0.726,High,12,11,True,2024-05-01,2025-06-01,245,57.6,217616.57,4.0,24.4
CUST-228d2458-8f5,2020-01,Q1 2020,2205,73,Dormant,0.691,High,3,2,True,2020-03-01,2025-07-24,192,735.0,1834151.44,6.0,26.2
CUST-07d9df3f-a50,2022-01,Q1 2022,1463,48,Dormant,0.738,High,21,20,True,2022-03-04,2025-09-21,133,69.7,1685668.14,10.0,29.1
CUST-6a73c86d-537,2021-01,Q1 2021,1839,61,Churned,1.0,High,5,4,True,2021-04-01,2025-07-04,212,367.8,815196.13,,0.0
CUST-3a279168-4a1,2021-01,Q1 2021,1829,60,Churned,1.0,High,4,3,True,2021-04-13,2025-07-25,191,457.2,408717.29,6.0,1.9
CUST-a0ba2600-aa6,2021-03,Q1 2021,1780,59,Dormant,0.888,High,6,5,True,2021-06-17,2025-06-17,229,296.7,183436.32,9.0,13.7
CUST-d3df5e17-a2f,2023-10,Q4 2023,854,28,Champion,0.042,Low,20,19,True,2023-10-12,2025-11-20,73,42.7,449536.8,0.0,96.6
CUST-1c3ee2c1-a40,2022-06,Q2 2022,1323,44,Dormant,0.601,High,14,13,True,2022-07-15,2025-09-10,144,94.5,205501.66,9.0,38.5
CUST-0bb4ee19-718,2020-06,Q2 2020,2063,68,Churned,1.0,High,3,2,True,2020-06-28,2025-12-05,58,687.7,831680.49,5.0,1.3
CUST-09e50c1c-cff,2020-12,Q4 2020,1859,61,Churned,1.0,High,4,3,True,2021-02-22,2025-04-29,278,464.8,208413.74,,0.0
CUST-74195977-cdd,2022-12,Q4 2022,1146,38,Activated,0.208,Medium,11,10,True,2023-03-05,2025-05-30,247,104.2,2109738.88,7.0,78.4
CUST-d0dd3530-ce2,2021-07,Q3 2021,1662,55,At-Risk,0.555,High,5,4,True,2021-08-12,2025-10-22,102,332.4,681590.24,3.0,47.7
CUST-318f99d2-fd7,2020-02,Q1 2020,2164,72,At-Risk,0.326,Medium,3,2,True,2020-03-12,2025-10-19,105,721.3,1851351.27,4.0,62.9
CUST-f7c7b71a-07d,2023-01,Q1 2023,1109,36,Activated,0.219,Medium,15,14,True,2023-02-13,2025-07-02,214,73.9,1264242.13,9.0,81.2
CUST-44fbf01f-918,2023-10,Q4 2023,852,28,Activated,0.085,Low,21,20,True,2023-11-01,2025-05-03,274,40.6,1613991.05,,90.0
CUST-4d01f251-767,2020-12,Q4 2020,1869,62,At-Risk,0.384,Medium,2,1,True,2021-01-31,2025-10-24,100,934.5,998910.42,0.0,63.0
CUST-2562baf2-e43,2020-07,Q3 2020,2038,67,Dormant,0.641,High,9,8,True,2020-07-19,2025-05-21,256,226.4,1383218.61,9.0,34.3
CUST-c6b4d1f3-cb2,2023-10,Q4 2023,829,27,At-Risk,0.49,Medium,18,17,True,2023-12-21,2025-10-04,120,46.1,1187853.3,9.0,47.3
CUST-e5daeb8b-2cb,2021-01,Q1 2021,1838,61,Activated,0.246,Medium,10,9,True,2021-03-03,2025-06-26,220,183.8,1435859.24,5.0,73.5
CUST-90655b74-c33,2023-07,Q3 2023,931,31,Activated,0.23,Medium,11,10,True,2023-08-24,2025-11-11,82,84.6,2052280.97,1.0,74.2
CUST-42bf8ae9-0a8,2022-10,Q4 2022,1192,39,Dormant,0.672,High,24,23,True,2023-01-26,2025-09-24,130,49.7,678789.13,2.0,35.8
CUST-3cfe95bd-4d9,2021-01,Q1 2021,1842,61,Dormant,0.683,High,25,24,True,2021-03-13,2025-08-10,175,73.7,2363309.67,1.0,33.1
